Metrica,IC95_inf,IC95_sup
Recall,0.8367254174397032,0.9818262987012987
Precision,0.6842105263157895,0.8909090909090909
